city,crime_category,total_real_crimes,total_reddit_mentions,avg_perception_ratio,avg_sentiment
chicago,Other,717606.0,3365425.8947071587,5994.738047868852,0.13727335326508716
chicago,Homicide,13190.0,66870.87120645678,93.16227409836065,-0.060204028170594
chicago,Weapons,88719.0,16396.435591277877,27.49821606557377,-0.07498640822005745
chicago,Assault,1814143.0,9672.3392722366,14.434499342105264,-0.24135099008389152
chicago,Theft,1544363.0,9987.39774853274,12.599464144736842,-0.08723533133686819
chicago,Drugs,727989.0,3878.7494556770785,7.650552631578948,0.05008845246773399
chicago,Robbery,277031.0,5026.057136898292,5.4377240131578946,-0.02863450756180302
chicago,Vandalism,836275.0,2414.353024004044,3.5789516447368417,0.07615022707192942
chicago,Arson,12295.0,1314.218412176252,2.441646381578947,0.0730074118368945
chicago,Burglary,409545.0,1221.6769206268455,1.8863578947368422,0.002218035067568367
chicago,Vehicle Theft,345916.0,1392.1006294398842,1.8304947368421054,-0.072245861235059
chicago,Fraud,296187.0,0.0,0.0,0.0
chicago,Sex Offenses,27158.0,0.0,0.0,0.0
chicago,Trespassing,206655.0,0.0,0.0,0.0
seattle,Homicide,12.0,187951.86616181085,877.5225466346153,-0.11813463451066056
seattle,Other,142564.0,7406602.396658239,734.5674506787329,0.1605435524556278
seattle,Weapons,6766.0,93421.63261635875,16.315775454545456,-0.1323201301881667
seattle,Theft,379423.0,41690.63985634434,3.6714488687782807,-0.1871971642060657
seattle,Assault,91849.0,47308.639821128796,3.2907877828054297,-0.3896584146593312
seattle,Drugs,32770.0,28172.588079187535,2.323350226244344,-0.05128218212370672
seattle,Arson,1871.0,4043.3849187844985,1.9601236363636363,-0.01807551441021446
seattle,Robbery,24289.0,8168.7971065179045,1.1509131818181817,-0.09994030192067735
seattle,Burglary,106867.0,5748.612262445589,0.9050586363636365,-0.09154070248087878
seattle,Vandalism,82862.0,10698.874834635688,0.8982981900452489,0.02409494770628266
seattle,Vehicle Theft,69213.0,1740.5408738659203,0.20800727272727274,-0.1706057567130582
seattle,Domestic / Family,73.0,0.0,0.0,0.0
seattle,Fraud,62605.0,0.0,0.0,0.0
seattle,Gambling,15.0,0.0,0.0,0.0
seattle,Human Trafficking,2.0,0.0,0.0,0.0
seattle,Kidnapping,116.0,0.0,0.0,0.0
seattle,Prostitution,2.0,0.0,0.0,0.0
seattle,Public Corruption,13.0,0.0,0.0,0.0
seattle,Public Disorder,1978.0,0.0,0.0,0.0
seattle,Sex Offenses,429.0,0.0,0.0,0.0
seattle,Trespassing,1543.0,0.0,0.0,0.0
